id,name,code,created_at,updated_at
1,Afghanistan,AF,2014-07-05 18:08:18 UTC,2014-07-05 18:08:18 UTC
2,Albania,AL,2014-07-05 18:08:18 UTC,2014-07-05 18:08:18 UTC
3,Algeria,DZ,2014-07-05 18:08:18 UTC,2014-07-05 18:08:18 UTC
4,American Samoa,AS,2014-07-05 18:08:18 UTC,2014-07-05 18:08:18 UTC
5,Andorra,AD,2014-07-05 18:08:18 UTC,2014-07-05 18:08:18 UTC
6,Angola,AO,2014-07-05 18:08:18 UTC,2014-07-05 18:08:18 UTC
7,Anguilla,AI,2014-07-05 18:08:18 UTC,2014-07-05 18:08:18 UTC
8,Antarctica,AQ,2014-07-05 18:08:18 UTC,2014-07-05 18:08:18 UTC
9,Antigua And Barbuda,AG,2014-07-05 18:08:18 UTC,2014-07-05 18:08:18 UTC
10,Argentina,AR,2014-07-05 18:08:18 UTC,2014-07-05 18:08:18 UTC
11,Armenia,AM,2014-07-05 18:08:18 UTC,2014-07-05 18:08:18 UTC
12,Aruba,AW,2014-07-05 18:08:18 UTC,2014-07-05 18:08:18 UTC
13,Australia,AU,2014-07-05 18:08:18 UTC,2014-07-05 18:08:18 UTC
14,Austria,AT,2014-07-05 18:08:18 UTC,2014-07-05 18:08:18 UTC
15,Azerbaijan,AZ,2014-07-05 18:08:18 UTC,2014-07-05 18:08:18 UTC
16,Bahamas,BS,2014-07-05 18:08:18 UTC,2014-07-05 18:08:18 UTC
17,Bahrain,BH,2014-07-05 18:08:18 UTC,2014-07-05 18:08:18 UTC
18,Bangladesh,BD,2014-07-05 18:08:18 UTC,2014-07-05 18:08:18 UTC
19,Barbados,BB,2014-07-05 18:08:18 UTC,2014-07-05 18:08:18 UTC
20,Belarus,BY,2014-07-05 18:08:18 UTC,2014-07-05 18:08:18 UTC
21,Belgium,BE,2014-07-05 18:08:18 UTC,2014-07-05 18:08:18 UTC
22,Belize,BZ,2014-07-05 18:08:18 UTC,2014-07-05 18:08:18 UTC
23,Benin,BJ,2014-07-05 18:08:18 UTC,2014-07-05 18:08:18 UTC
24,Bermuda,BM,2014-07-05 18:08:18 UTC,2014-07-05 18:08:18 UTC
25,Bhutan,BT,2014-07-05 18:08:18 UTC,2014-07-05 18:08:18 UTC
26,Bolivia,BO,2014-07-05 18:08:18 UTC,2014-07-05 18:08:18 UTC
27,Bosnia And Herzegovina,BA,2014-07-05 18:08:18 UTC,2014-07-05 18:08:18 UTC
28,Botswana,BW,2014-07-05 18:08:18 UTC,2014-07-05 18:08:18 UTC
29,Bouvet Island,BV,2014-07-05 18:08:18 UTC,2014-07-05 18:08:18 UTC
30,Brazil,BR,2014-07-05 18:08:18 UTC,2014-07-05 18:08:18 UTC
31,British Indian Ocean Territory,IO,2014-07-05 18:08:18 UTC,2014-07-05 18:08:18 UTC
32,Brunei Darussalam,BN,2014-07-05 18:08:18 UTC,2014-07-05 18:08:18 UTC
33,Bulgaria,BG,2014-07-05 18:08:18 UTC,2014-07-05 18:08:18 UTC
34,Burkina Faso,BF,2014-07-05 18:08:18 UTC,2014-07-05 18:08:18 UTC
35,Burundi,BI,2014-07-05 18:08:18 UTC,2014-07-05 18:08:18 UTC
36,Cambodia,KH,2014-07-05 18:08:18 UTC,2014-07-05 18:08:18 UTC
37,Cameroon,CM,2014-07-05 18:08:18 UTC,2014-07-05 18:08:18 UTC
38,Canada,CA,2014-07-05 18:08:18 UTC,2014-07-05 18:08:18 UTC
39,Cape Verde,CV,2014-07-05 18:08:18 UTC,2014-07-05 18:08:18 UTC
40,Cayman Islands,KY,2014-07-05 18:08:18 UTC,2014-07-05 18:08:18 UTC
41,Central African Republic,CF,2014-07-05 18:08:18 UTC,2014-07-05 18:08:18 UTC
42,Chad,TD,2014-07-05 18:08:18 UTC,2014-07-05 18:08:18 UTC
43,Chile,CL,2014-07-05 18:08:18 UTC,2014-07-05 18:08:18 UTC
44,China,CN,2014-07-05 18:08:18 UTC,2014-07-05 18:08:18 UTC
45,Christmas Island,CX,2014-07-05 18:08:18 UTC,2014-07-05 18:08:18 UTC
46,Cocos (keeling) Islands,CC,2014-07-05 18:08:18 UTC,2014-07-05 18:08:18 UTC
47,Colombia,CO,2014-07-05 18:08:18 UTC,2014-07-05 18:08:18 UTC
48,Comoros,KM,2014-07-05 18:08:18 UTC,2014-07-05 18:08:18 UTC
49,Congo,CG,2014-07-05 18:08:18 UTC,2014-07-05 18:08:18 UTC
50,"Congo, The Democratic Republic Of The",CD,2014-07-05 18:08:18 UTC,2014-07-05 18:08:18 UTC
51,Cook Islands,CK,2014-07-05 18:08:18 UTC,2014-07-05 18:08:18 UTC
52,Costa Rica,CR,2014-07-05 18:08:18 UTC,2014-07-05 18:08:18 UTC
53,Cote D'ivoire,CI,2014-07-05 18:08:18 UTC,2014-07-05 18:08:18 UTC
54,Croatia,HR,2014-07-05 18:08:18 UTC,2014-07-05 18:08:18 UTC
55,Cuba,CU,2014-07-05 18:08:18 UTC,2014-07-05 18:08:18 UTC
56,Cyprus,CY,2014-07-05 18:08:18 UTC,2014-07-05 18:08:18 UTC
57,Czech Republic,CZ,2014-07-05 18:08:18 UTC,2014-07-05 18:08:18 UTC
58,Denmark,DK,2014-07-05 18:08:18 UTC,2014-07-05 18:08:18 UTC
59,Djibouti,DJ,2014-07-05 18:08:18 UTC,2014-07-05 18:08:18 UTC
60,Dominica,DM,2014-07-05 18:08:18 UTC,2014-07-05 18:08:18 UTC
61,Dominican Republic,DO,2014-07-05 18:08:18 UTC,2014-07-05 18:08:18 UTC
62,East Timor,TP,2014-07-05 18:08:18 UTC,2014-07-05 18:08:18 UTC
63,Ecuador,EC,2014-07-05 18:08:18 UTC,2014-07-05 18:08:18 UTC
64,Egypt,EG,2014-07-05 18:08:18 UTC,2014-07-05 18:08:18 UTC
65,El Salvador,SV,2014-07-05 18:08:18 UTC,2014-07-05 18:08:18 UTC
66,Equatorial Guinea,GQ,2014-07-05 18:08:18 UTC,2014-07-05 18:08:18 UTC
67,Eritrea,ER,2014-07-05 18:08:18 UTC,2014-07-05 18:08:18 UTC
68,Estonia,EE,2014-07-05 18:08:18 UTC,2014-07-05 18:08:18 UTC
69,Ethiopia,ET,2014-07-05 18:08:18 UTC,2014-07-05 18:08:18 UTC
70,Falkland Islands (malvinas),FK,2014-07-05 18:08:18 UTC,2014-07-05 18:08:18 UTC
71,Faroe Islands,FO,2014-07-05 18:08:18 UTC,2014-07-05 18:08:18 UTC
72,Fiji,FJ,2014-07-05 18:08:18 UTC,2014-07-05 18:08:18 UTC
73,Finland,FI,2014-07-05 18:08:18 UTC,2014-07-05 18:08:18 UTC
74,France,FR,2014-07-05 18:08:18 UTC,2014-07-05 18:08:18 UTC
75,French Guiana,GF,2014-07-05 18:08:18 UTC,2014-07-05 18:08:18 UTC
76,French Polynesia,PF,2014-07-05 18:08:18 UTC,2014-07-05 18:08:18 UTC
77,French Southern Territories,TF,2014-07-05 18:08:18 UTC,2014-07-05 18:08:18 UTC
78,Gabon,GA,2014-07-05 18:08:18 UTC,2014-07-05 18:08:18 UTC
79,Gambia,GM,2014-07-05 18:08:18 UTC,2014-07-05 18:08:18 UTC
80,Georgia,GE,2014-07-05 18:08:18 UTC,2014-07-05 18:08:18 UTC
81,Germany,DE,2014-07-05 18:08:18 UTC,2014-07-05 18:08:18 UTC
82,Ghana,GH,2014-07-05 18:08:18 UTC,2014-07-05 18:08:18 UTC
83,Gibraltar,GI,2014-07-05 18:08:18 UTC,2014-07-05 18:08:18 UTC
84,Greece,GR,2014-07-05 18:08:18 UTC,2014-07-05 18:08:18 UTC
85,Greenland,GL,2014-07-05 18:08:18 UTC,2014-07-05 18:08:18 UTC
86,Grenada,GD,2014-07-05 18:08:18 UTC,2014-07-05 18:08:18 UTC
87,Guadeloupe,GP,2014-07-05 18:08:18 UTC,2014-07-05 18:08:18 UTC
88,Guam,GU,2014-07-05 18:08:18 UTC,2014-07-05 18:08:18 UTC
89,Guatemala,GT,2014-07-05 18:08:18 UTC,2014-07-05 18:08:18 UTC
90,Guinea,GN,2014-07-05 18:08:18 UTC,2014-07-05 18:08:18 UTC
91,Guinea-bissau,GW,2014-07-05 18:08:18 UTC,2014-07-05 18:08:18 UTC
92,Guyana,GY,2014-07-05 18:08:18 UTC,2014-07-05 18:08:18 UTC
93,Haiti,HT,2014-07-05 18:08:18 UTC,2014-07-05 18:08:18 UTC
94,Heard Island And Mcdonald Islands,HM,2014-07-05 18:08:18 UTC,2014-07-05 18:08:18 UTC
95,Holy See (vatican City State),VA,2014-07-05 18:08:18 UTC,2014-07-05 18:08:18 UTC
96,Honduras,HN,2014-07-05 18:08:18 UTC,2014-07-05 18:08:18 UTC
97,Hong Kong,HK,2014-07-05 18:08:18 UTC,2014-07-05 18:08:18 UTC
98,Hungary,HU,2014-07-05 18:08:18 UTC,2014-07-05 18:08:18 UTC
99,Iceland,IS,2014-07-05 18:08:18 UTC,2014-07-05 18:08:18 UTC
100,India,IN,2014-07-05 18:08:18 UTC,2014-07-05 18:08:18 UTC
101,Indonesia,ID,2014-07-05 18:08:18 UTC,2014-07-05 18:08:18 UTC
102,"Iran, Islamic Republic Of",IR,2014-07-05 18:08:18 UTC,2014-07-05 18:08:18 UTC
103,Iraq,IQ,2014-07-05 18:08:18 UTC,2014-07-05 18:08:18 UTC
104,Ireland,IE,2014-07-05 18:08:18 UTC,2014-07-05 18:08:18 UTC
105,Israel,IL,2014-07-05 18:08:18 UTC,2014-07-05 18:08:18 UTC
106,Italy,IT,2014-07-05 18:08:18 UTC,2014-07-05 18:08:18 UTC
107,Jamaica,JM,2014-07-05 18:08:18 UTC,2014-07-05 18:08:18 UTC
108,Japan,JP,2014-07-05 18:08:18 UTC,2014-07-05 18:08:18 UTC
109,Jordan,JO,2014-07-05 18:08:18 UTC,2014-07-05 18:08:18 UTC
110,Kazakstan,KZ,2014-07-05 18:08:18 UTC,2014-07-05 18:08:18 UTC
111,Kenya,KE,2014-07-05 18:08:18 UTC,2014-07-05 18:08:18 UTC
112,Kiribati,KI,2014-07-05 18:08:18 UTC,2014-07-05 18:08:18 UTC
113,"Korea, Democratic People's Republic Of",KP,2014-07-05 18:08:18 UTC,2014-07-05 18:08:18 UTC
114,"Korea, Republic Of",KR,2014-07-05 18:08:18 UTC,2014-07-05 18:08:18 UTC
115,Kosovo,KV,2014-07-05 18:08:18 UTC,2014-07-05 18:08:18 UTC
116,Kuwait,KW,2014-07-05 18:08:18 UTC,2014-07-05 18:08:18 UTC
117,Kyrgyzstan,KG,2014-07-05 18:08:18 UTC,2014-07-05 18:08:18 UTC
118,Lao People's Democratic Republic,LA,2014-07-05 18:08:18 UTC,2014-07-05 18:08:18 UTC
119,Latvia,LV,2014-07-05 18:08:18 UTC,2014-07-05 18:08:18 UTC
120,Lebanon,LB,2014-07-05 18:08:18 UTC,2014-07-05 18:08:18 UTC
121,Lesotho,LS,2014-07-05 18:08:18 UTC,2014-07-05 18:08:18 UTC
122,Liberia,LR,2014-07-05 18:08:18 UTC,2014-07-05 18:08:18 UTC
123,Libyan Arab Jamahiriya,LY,2014-07-05 18:08:18 UTC,2014-07-05 18:08:18 UTC
124,Liechtenstein,LI,2014-07-05 18:08:18 UTC,2014-07-05 18:08:18 UTC
125,Lithuania,LT,2014-07-05 18:08:18 UTC,2014-07-05 18:08:18 UTC
126,Luxembourg,LU,2014-07-05 18:08:18 UTC,2014-07-05 18:08:18 UTC
127,Macau,MO,2014-07-05 18:08:18 UTC,2014-07-05 18:08:18 UTC
128,"Macedonia, The Former Yugoslav Republic Of",MK,2014-07-05 18:08:18 UTC,2014-07-05 18:08:18 UTC
129,Madagascar,MG,2014-07-05 18:08:18 UTC,2014-07-05 18:08:18 UTC
130,Malawi,MW,2014-07-05 18:08:18 UTC,2014-07-05 18:08:18 UTC
131,Malaysia,MY,2014-07-05 18:08:18 UTC,2014-07-05 18:08:18 UTC
132,Maldives,MV,2014-07-05 18:08:18 UTC,2014-07-05 18:08:18 UTC
133,Mali,ML,2014-07-05 18:08:18 UTC,2014-07-05 18:08:18 UTC
134,Malta,MT,2014-07-05 18:08:18 UTC,2014-07-05 18:08:18 UTC
135,Marshall Islands,MH,2014-07-05 18:08:18 UTC,2014-07-05 18:08:18 UTC
136,Martinique,MQ,2014-07-05 18:08:18 UTC,2014-07-05 18:08:18 UTC
137,Mauritania,MR,2014-07-05 18:08:18 UTC,2014-07-05 18:08:18 UTC
138,Mauritius,MU,2014-07-05 18:08:18 UTC,2014-07-05 18:08:18 UTC
139,Mayotte,YT,2014-07-05 18:08:18 UTC,2014-07-05 18:08:18 UTC
140,Mexico,MX,2014-07-05 18:08:18 UTC,2014-07-05 18:08:18 UTC
141,"Micronesia, Federated States Of",FM,2014-07-05 18:08:18 UTC,2014-07-05 18:08:18 UTC
142,"Moldova, Republic Of",MD,2014-07-05 18:08:18 UTC,2014-07-05 18:08:18 UTC
143,Monaco,MC,2014-07-05 18:08:18 UTC,2014-07-05 18:08:18 UTC
144,Mongolia,MN,2014-07-05 18:08:18 UTC,2014-07-05 18:08:18 UTC
145,Montserrat,MS,2014-07-05 18:08:18 UTC,2014-07-05 18:08:18 UTC
146,Montenegro,ME,2014-07-05 18:08:18 UTC,2014-07-05 18:08:18 UTC
147,Morocco,MA,2014-07-05 18:08:18 UTC,2014-07-05 18:08:18 UTC
148,Mozambique,MZ,2014-07-05 18:08:18 UTC,2014-07-05 18:08:18 UTC
149,Myanmar,MM,2014-07-05 18:08:18 UTC,2014-07-05 18:08:18 UTC
150,Namibia,NA,2014-07-05 18:08:18 UTC,2014-07-05 18:08:18 UTC
151,Nauru,NR,2014-07-05 18:08:18 UTC,2014-07-05 18:08:18 UTC
152,Nepal,NP,2014-07-05 18:08:18 UTC,2014-07-05 18:08:18 UTC
153,Netherlands,NL,2014-07-05 18:08:18 UTC,2014-07-05 18:08:18 UTC
154,Netherlands Antilles,AN,2014-07-05 18:08:18 UTC,2014-07-05 18:08:18 UTC
155,New Caledonia,NC,2014-07-05 18:08:18 UTC,2014-07-05 18:08:18 UTC
156,New Zealand,NZ,2014-07-05 18:08:18 UTC,2014-07-05 18:08:18 UTC
157,Nicaragua,NI,2014-07-05 18:08:18 UTC,2014-07-05 18:08:18 UTC
158,Niger,NE,2014-07-05 18:08:18 UTC,2014-07-05 18:08:18 UTC
159,Nigeria,NG,2014-07-05 18:08:18 UTC,2014-07-05 18:08:18 UTC
160,Niue,NU,2014-07-05 18:08:18 UTC,2014-07-05 18:08:18 UTC
161,Norfolk Island,NF,2014-07-05 18:08:18 UTC,2014-07-05 18:08:18 UTC
162,Northern Mariana Islands,MP,2014-07-05 18:08:18 UTC,2014-07-05 18:08:18 UTC
163,Norway,NO,2014-07-05 18:08:18 UTC,2014-07-05 18:08:18 UTC
164,Oman,OM,2014-07-05 18:08:18 UTC,2014-07-05 18:08:18 UTC
165,Pakistan,PK,2014-07-05 18:08:18 UTC,2014-07-05 18:08:18 UTC
166,Palau,PW,2014-07-05 18:08:18 UTC,2014-07-05 18:08:18 UTC
167,"Palestinian Territory, Occupied",PS,2014-07-05 18:08:18 UTC,2014-07-05 18:08:18 UTC
168,Panama,PA,2014-07-05 18:08:18 UTC,2014-07-05 18:08:18 UTC
169,Papua New Guinea,PG,2014-07-05 18:08:18 UTC,2014-07-05 18:08:18 UTC
170,Paraguay,PY,2014-07-05 18:08:18 UTC,2014-07-05 18:08:18 UTC
171,Peru,PE,2014-07-05 18:08:18 UTC,2014-07-05 18:08:18 UTC
172,Philippines,PH,2014-07-05 18:08:18 UTC,2014-07-05 18:08:18 UTC
173,Pitcairn,PN,2014-07-05 18:08:18 UTC,2014-07-05 18:08:18 UTC
174,Poland,PL,2014-07-05 18:08:18 UTC,2014-07-05 18:08:18 UTC
175,Portugal,PT,2014-07-05 18:08:18 UTC,2014-07-05 18:08:18 UTC
176,Puerto Rico,PR,2014-07-05 18:08:18 UTC,2014-07-05 18:08:18 UTC
177,Qatar,QA,2014-07-05 18:08:18 UTC,2014-07-05 18:08:18 UTC
178,Reunion,RE,2014-07-05 18:08:18 UTC,2014-07-05 18:08:18 UTC
179,Romania,RO,2014-07-05 18:08:18 UTC,2014-07-05 18:08:18 UTC
180,Russian Federation,RU,2014-07-05 18:08:18 UTC,2014-07-05 18:08:18 UTC
181,Rwanda,RW,2014-07-05 18:08:18 UTC,2014-07-05 18:08:18 UTC
182,Saint Helena,SH,2014-07-05 18:08:18 UTC,2014-07-05 18:08:18 UTC
183,Saint Kitts And Nevis,KN,2014-07-05 18:08:18 UTC,2014-07-05 18:08:18 UTC
184,Saint Lucia,LC,2014-07-05 18:08:18 UTC,2014-07-05 18:08:18 UTC
185,Saint Pierre And Miquelon,PM,2014-07-05 18:08:18 UTC,2014-07-05 18:08:18 UTC
186,Saint Vincent And The Grenadines,VC,2014-07-05 18:08:18 UTC,2014-07-05 18:08:18 UTC
187,Samoa,WS,2014-07-05 18:08:18 UTC,2014-07-05 18:08:18 UTC
188,San Marino,SM,2014-07-05 18:08:18 UTC,2014-07-05 18:08:18 UTC
189,Sao Tome And Principe,ST,2014-07-05 18:08:18 UTC,2014-07-05 18:08:18 UTC
190,Saudi Arabia,SA,2014-07-05 18:08:18 UTC,2014-07-05 18:08:18 UTC
191,Senegal,SN,2014-07-05 18:08:18 UTC,2014-07-05 18:08:18 UTC
192,Serbia,RS,2014-07-05 18:08:18 UTC,2014-07-05 18:08:18 UTC
193,Seychelles,SC,2014-07-05 18:08:18 UTC,2014-07-05 18:08:18 UTC
194,Sierra Leone,SL,2014-07-05 18:08:18 UTC,2014-07-05 18:08:18 UTC
195,Singapore,SG,2014-07-05 18:08:18 UTC,2014-07-05 18:08:18 UTC
196,Slovakia,SK,2014-07-05 18:08:18 UTC,2014-07-05 18:08:18 UTC
197,Slovenia,SI,2014-07-05 18:08:18 UTC,2014-07-05 18:08:18 UTC
198,Solomon Islands,SB,2014-07-05 18:08:18 UTC,2014-07-05 18:08:18 UTC
199,Somalia,SO,2014-07-05 18:08:18 UTC,2014-07-05 18:08:18 UTC
200,South Africa,ZA,2014-07-05 18:08:18 UTC,2014-07-05 18:08:18 UTC
201,South Georgia And The South Sandwich Islands,GS,2014-07-05 18:08:18 UTC,2014-07-05 18:08:18 UTC
202,Spain,ES,2014-07-05 18:08:18 UTC,2014-07-05 18:08:18 UTC
203,Sri Lanka,LK,2014-07-05 18:08:18 UTC,2014-07-05 18:08:18 UTC
204,Sudan,SD,2014-07-05 18:08:18 UTC,2014-07-05 18:08:18 UTC
205,Suriname,SR,2014-07-05 18:08:18 UTC,2014-07-05 18:08:18 UTC
206,Svalbard And Jan Mayen,SJ,2014-07-05 18:08:18 UTC,2014-07-05 18:08:18 UTC
207,Swaziland,SZ,2014-07-05 18:08:18 UTC,2014-07-05 18:08:18 UTC
208,Sweden,SE,2014-07-05 18:08:18 UTC,2014-07-05 18:08:18 UTC
209,Switzerland,CH,2014-07-05 18:08:18 UTC,2014-07-05 18:08:18 UTC
210,Syrian Arab Republic,SY,2014-07-05 18:08:19 UTC,2014-07-05 18:08:19 UTC
211,"Taiwan, Province Of China",TW,2014-07-05 18:08:19 UTC,2014-07-05 18:08:19 UTC
212,Tajikistan,TJ,2014-07-05 18:08:19 UTC,2014-07-05 18:08:19 UTC
213,"Tanzania, United Republic Of",TZ,2014-07-05 18:08:19 UTC,2014-07-05 18:08:19 UTC
214,Thailand,TH,2014-07-05 18:08:19 UTC,2014-07-05 18:08:19 UTC
215,Togo,TG,2014-07-05 18:08:19 UTC,2014-07-05 18:08:19 UTC
216,Tokelau,TK,2014-07-05 18:08:19 UTC,2014-07-05 18:08:19 UTC
217,Tonga,TO,2014-07-05 18:08:19 UTC,2014-07-05 18:08:19 UTC
218,Trinidad And Tobago,TT,2014-07-05 18:08:19 UTC,2014-07-05 18:08:19 UTC
219,Tunisia,TN,2014-07-05 18:08:19 UTC,2014-07-05 18:08:19 UTC
220,Turkey,TR,2014-07-05 18:08:19 UTC,2014-07-05 18:08:19 UTC
221,Turkmenistan,TM,2014-07-05 18:08:19 UTC,2014-07-05 18:08:19 UTC
222,Turks And Caicos Islands,TC,2014-07-05 18:08:19 UTC,2014-07-05 18:08:19 UTC
223,Tuvalu,TV,2014-07-05 18:08:19 UTC,2014-07-05 18:08:19 UTC
224,Uganda,UG,2014-07-05 18:08:19 UTC,2014-07-05 18:08:19 UTC
225,Ukraine,UA,2014-07-05 18:08:19 UTC,2014-07-05 18:08:19 UTC
226,United Arab Emirates,AE,2014-07-05 18:08:19 UTC,2014-07-05 18:08:19 UTC
227,United Kingdom,GB,2014-07-05 18:08:19 UTC,2014-07-05 18:08:19 UTC
228,United States,US,2014-07-05 18:08:19 UTC,2014-07-05 18:08:19 UTC
229,United States Minor Outlying Islands,UM,2014-07-05 18:08:19 UTC,2014-07-05 18:08:19 UTC
230,Uruguay,UY,2014-07-05 18:08:19 UTC,2014-07-05 18:08:19 UTC
231,Uzbekistan,UZ,2014-07-05 18:08:19 UTC,2014-07-05 18:08:19 UTC
232,Vanuatu,VU,2014-07-05 18:08:19 UTC,2014-07-05 18:08:19 UTC
233,Venezuela,VE,2014-07-05 18:08:19 UTC,2014-07-05 18:08:19 UTC
234,Viet Nam,VN,2014-07-05 18:08:19 UTC,2014-07-05 18:08:19 UTC
235,"Virgin Islands, British",VG,2014-07-05 18:08:19 UTC,2014-07-05 18:08:19 UTC
236,"Virgin Islands, U.s.",VI,2014-07-05 18:08:19 UTC,2014-07-05 18:08:19 UTC
237,Wallis And Futuna,WF,2014-07-05 18:08:19 UTC,2014-07-05 18:08:19 UTC
238,Western Sahara,EH,2014-07-05 18:08:19 UTC,2014-07-05 18:08:19 UTC
239,Yemen,YE,2014-07-05 18:08:19 UTC,2014-07-05 18:08:19 UTC
240,Zambia,ZM,2014-07-05 18:08:19 UTC,2014-07-05 18:08:19 UTC
241,Zimbabwe,ZW,2014-07-05 18:08:19 UTC,2014-07-05 18:08:19 UTC
242,Turkey,,2014-07-05 18:08:19 UTC,2014-07-05 18:08:19 UTC
243,Nepal,,2014-07-05 18:08:19 UTC,2014-07-05 18:08:19 UTC
244,Argentina,,2014-07-05 18:08:19 UTC,2014-07-05 18:08:19 UTC
245,Namibia,,2014-07-05 18:08:19 UTC,2014-07-05 18:08:19 UTC
246,France,,2014-07-05 18:08:19 UTC,2014-07-05 18:08:19 UTC
247,Outer Hebrides,,2014-07-05 18:08:19 UTC,2014-07-05 18:08:19 UTC
248,Brazil,,2014-07-05 18:08:19 UTC,2014-07-05 18:08:19 UTC
249,Borneo,,2014-07-05 18:08:19 UTC,2014-07-05 18:08:19 UTC
250,Italy,,2014-07-05 18:08:19 UTC,2014-07-05 18:08:19 UTC
251,Canada,,2014-07-05 18:08:19 UTC,2014-07-05 18:08:19 UTC
252,Albania,,2014-07-05 18:08:19 UTC,2014-07-05 18:08:19 UTC
253,Mongolia,,2014-07-05 18:08:19 UTC,2014-07-05 18:08:19 UTC
254,New Zealand,,2014-07-05 18:08:19 UTC,2014-07-05 18:08:19 UTC
255,Croatia,,2014-07-05 18:08:19 UTC,2014-07-05 18:08:19 UTC
256,Slovenia,,2014-07-05 18:08:19 UTC,2014-07-05 18:08:19 UTC
257,Uganda,,2014-07-05 18:08:19 UTC,2014-07-05 18:08:19 UTC
258,Cuba,,2014-07-05 18:08:19 UTC,2014-07-05 18:08:19 UTC
259,Costa Rica,,2014-07-05 18:08:19 UTC,2014-07-05 18:08:19 UTC
260,Nepal,,2014-07-05 18:08:19 UTC,2014-07-05 18:08:19 UTC
